service,function,channel,mutates,cache,scopes,server_tool,status,returns
"AiGuru","get-agent-history","app-state","read","none","aiguru:read","","implemented","{agent: object, messages: object[]}"
"AiGuru","get-chat-history","app-state","read","none","aiguru:read","","implemented","{session: object, messages: object[]}"
"AiGuru","query-knowledge-base","valuguru","read","read-through","aiguru:read","","implemented","{toolName: string, result: string}"
"ApplicationStorage","resource-delete","roomful","write","none","applicationstorage:write","","implemented","void"
"ApplicationStorage","resource-search","roomful","read","read-through","applicationstorage:read","","implemented","{resources: object[], hasMore: boolean, cursor: string}"
"ApplicationStorage","resource-upload","roomful","write","none","applicationstorage:write","","implemented","{resolved: object[], failed: object[]}"
"Cbac","create-policy","roomful","write","none","cbac:write","","implemented","{policy: object}"
"Cbac","delete-policy","roomful","write","none","cbac:write","","implemented","void"
"Cbac","list-badges","roomful","read","read-through","cbac:read","","implemented","{badges: object[]}"
"Cbac","list-policies","roomful","read","read-through","cbac:read","","implemented","{policies: object[]}"
"Cbac","search-users-by-badge-id","roomful","read","read-through","cbac:read","","implemented","{users: object[], total: number}"
"CMS","resource-delete","roomful","write","none","cms:write","","implemented","void"
"CMS","resource-search","roomful","read","read-through","cms:read","","implemented","{resources: object[], hasMore: boolean, cursor: string}"
"CMS","resource-upload","roomful","write","none","cms:write","","implemented","{resolved: object[], failed: object[], placed?: string}"
"Commerce","add-to-cart","valuguru","write","none","commerce:write","","implemented","{items: object[]}"
"Commerce","check-entitlements","valuguru","read","read-through","commerce:read","","implemented","{entitlements: object[]}"
"Commerce","create-product","valuguru","write","none","commerce:write","","implemented","{product: object}"
"Commerce","get-cart","valuguru","read","read-through","commerce:read","","implemented","{items: object[], count: number}"
"Commerce","get-my-product","valuguru","read","read-through","commerce:read","","implemented","{product: object, items: object[]}"
"Commerce","get-product","valuguru","read","read-through","commerce:read","","implemented","{product: object}"
"Commerce","list-categories","valuguru","read","read-through","commerce:read","","implemented","{categories: object[]}"
"Commerce","list-my-products","valuguru","read","read-through","commerce:read","","implemented","{hasStore: boolean, products: object[]}"
"Commerce","list-products","valuguru","read","read-through","commerce:read","","implemented","{products: object[], total: number}"
"Commerce","update-product","valuguru","write","none","commerce:write","","implemented","{product: object}"
"Community","get-channels","roomful","read","read-through","community:read","service__Community__get_channels","implemented","{communityId: string, channels: object[]}"
"Community","get-community-info","roomful","read","read-through","community:read","service__Community__get_community_info","implemented","{community: object}"
"Community","get-posts","roomful","read","read-through","community:read","service__Community__get_posts","implemented","{rootChannelId: string, messages: object[]}"
"Community","search-communities","roomful","read","read-through","community:read","service__Community__search_communities","implemented","{communities: object[]}"
"Developer","create-application","app-state","write","none","developer:write","","implemented","{appId: string, devId: string, name: string, slug: string, url: string}"
"Developer","list-applications","app-state","read","none","developer:read","","implemented","{applications: object[]}"
"Events","create-meeting","roomful","write","none","events:write","service__Events__create_meeting","implemented","{meetingId: string, meeting: object}"
"Events","edit-meeting","roomful","write","none","events:write","service__Events__edit_meeting","implemented","{meetingId: string, meeting: object}"
"Events","list-events","roomful","read","read-through","events:read","service__Events__list_events","implemented","{events: object[]}"
"Groups","discover-groups","roomful","read","read-through","groups:read","","implemented","{groups: object[], hasMore: boolean, cursor: string}"
"Groups","join-group","roomful","write","none","groups:write","","implemented","void"
"Groups","list-group-participants","roomful","read","read-through","groups:read","service__Groups__list_group_participants","implemented","{participants: object[], hasMore: boolean, cursor: string}"
"Groups","list-groups","roomful","read","read-through","groups:read","service__Groups__list_groups","implemented","{groups: object[], hasMore: boolean, cursor: string}"
"Http","get","local","read","none","http:read","","implemented","{ok: boolean, status: number, statusText: string, headers: object, body: any, bodyType: string, latency: number}"
"Http","ping","local","read","none","http:read","","implemented","{up: boolean, latency: number, status: number}"
"Http","post","local","write","none","http:write","","implemented","{ok: boolean, status: number, statusText: string, headers: object, body: any, bodyType: string, latency: number}"
"Networks","get-current-network","roomful","read","read-through","networks:read","service__Networks__get_current_network","implemented","{networkId: string, name: string|null}"
"Profile","get-user-badges","roomful","read","read-through","profile:read","","implemented","{badges: object[]}"
"Profile","get-user-credentials","roomful","read","read-through","profile:read","","implemented","{credentials: object[]}"
"Resources","generate-best-view-url","local","read","none","resources:read","service__Resources__generate_best_view_url","implemented","{url: string}"
"Resources","generate-direct-public-url","local","read","none","resources:read","service__Resources__generate_direct_public_url","implemented","{url: string}"
"Resources","generate-public-url","local","read","none","resources:read","service__Resources__generate_public_url","implemented","{url: string}"
"Resources","get-thumbnail-url","local","read","none","resources:read","","implemented","{url: string}"
"Resources","list-bot-avatars","roomful","read","read-through","resources:read","","implemented","{avatars: object[]}"
"Rooms","create-room-from-template","roomful","write","none","rooms:write","","implemented","{roomId: string, name: string, networkId: string, price: number, isFree: boolean, paymentRequired: boolean}"
"Rooms","delete-prop-invitation","roomful","write","none","rooms:write","service__Rooms__delete_prop_invitation","implemented","void"
"Rooms","get-permissions","roomful","read","read-through","rooms:read","service__Rooms__get_permissions","implemented","{permissions: object}"
"Rooms","get-prop","roomful","read","read-through","rooms:read","service__Rooms__get_prop","implemented","{prop: object|null, propOrder: object}"
"Rooms","get-room","roomful","read","read-through","rooms:read","","implemented","{room: object}"
"Rooms","get-room-prop-groups","roomful","read","read-through","rooms:read","","implemented","{roomId: string, networkId: string, propOrder: object, groupIds: string[], groups: object[]}"
"Rooms","get-room-props","roomful","read","read-through","rooms:read","service__Rooms__get_room_props","implemented","{props: object[], propOrder: object}"
"Rooms","invite-to-prop","roomful","write","none","rooms:write","service__Rooms__invite_to_prop","implemented","{invitation: object|null}"
"Rooms","list-prop-team-members","roomful","read","read-through","rooms:read","service__Rooms__list_prop_team_members","implemented","{invitations: object[]}"
"Rooms","list-room-templates","roomful","read","read-through","rooms:read","","implemented","{templates: object[], hasMore: boolean, filteredOutCount: number}"
"Rooms","paste-resources-into-prop","roomful","write","none","rooms:write","","implemented","{roomId: string, propId: string, name: string, addedResourceIds: string[], failed: object[], removedTemplateStubs: string[], skippedAlreadyPresent: string[], sliderEnabled: boolean}"
"Rooms","paste-resources-into-prop-group","roomful","write","none","rooms:write","","implemented","{roomId: string, groupIds: string[], distribution: string, placements: object[], unplacedResourceIds: string[], eligiblePropCount: number, skippedProps: object[]}"
"Rooms","rename-prop-group","roomful","write","none","rooms:write","","implemented","{roomId: string, groupId: string, name: string, hasLabels: boolean, renamedLabelPropIds: string[], failed: object[]}"
"Rooms","search-my-rooms","roomful","read","read-through","rooms:read","service__Rooms__search_my_rooms","implemented","{rooms: object[]}"
"Rooms","search-rooms","roomful","read","read-through","rooms:read","service__Rooms__search_rooms","implemented","{rooms: object[]}"
"TextChat","get-channel-history","roomful","read","read-through","textchat:read","","implemented","{channelId: string, messages: object[], hasPrevious: boolean, hasNext: boolean}"
"TextChat","message-owner","roomful","write","none","textchat:write","service__TextChat__message_owner","implemented","{channelId: string, messageId: string, createdAt: string}"
"TextChat","send-message","roomful","write","none","textchat:write","","implemented","{channelId: string, messageId: string, createdAt: string}"
"Time","get-local-time","local","read","none","time:read","","implemented","{iso: string, utcIso: string, timezone: string, offsetMinutes: number, dayOfWeek: string, localDate: string, localTime: string, locale: string}"
"Users","accept-connection-request","roomful","write","none","users:write","service__Users__accept_connection_request","implemented","void"
"Users","cancel-connection-request","roomful","write","none","users:write","service__Users__cancel_connection_request","implemented","void"
"Users","current","roomful","read","read-through","users:read","service__Users__current","implemented","{user: object}"
"Users","decline-connection-request","roomful","write","none","users:write","service__Users__decline_connection_request","implemented","void"
"Users","find-user","roomful","read","read-through","users:read","service__Users__find_user","implemented","{users: object[]}"
"Users","get","roomful","read","read-through","users:read","service__Users__get","implemented","{user: object}"
"Users","list-connection-requests","roomful","read","read-through","users:read","","implemented","{requests: object[], users: object[], hasMore: boolean}"
"Users","search-users","roomful","read","read-through","users:read","service__Users__search_users","implemented","{users: object[]}"
"Users","send-connection-request","roomful","write","none","users:write","service__Users__send_connection_request","implemented","void"
"VerusWallet","get-balance","app-state","read","seeded","veruswallet:read","service__VerusWallet__get_balance","implemented","{identityName: string, iAddress: string, balance: number|null}"
"VerusWallet","transfer","roomful","write","none","veruswallet:write","service__VerusWallet__transfer","implemented","{txid: string}"
